{"login":{"fingerprints":[],"development":{"stylesheets":{"assets\/css\/bootstrap.min.css":"assets\/css\/bootstrap.min-209498a4fcccc891e6dbf5bef48edc8e.css","assets\/css\/signin.css":"assets\/css\/signin-85ebe7c87e02e8e99a9cd37ba631e76c.css"},"javascripts":[]}},"public":{"fingerprints":[],"development":{"stylesheets":{"assets\/css\/less\/master.less":"assets\/css\/less\/master-100cc1309ab27b3d5c4487998d570555.css","assets\/css\/flexigrid.pack.css":"assets\/css\/flexigrid.pack-350f1b26d314babe44a089ed7cb8279f.css"},"javascripts":{"assets\/js\/jquery-1.10.2.min.js":"assets\/js\/jquery-1.10.2.min-1253b7e4d178e32df6252aee5fc31c4d.js","assets\/js\/bootstrap\/bootstrap.js":"assets\/js\/bootstrap\/bootstrap-1253b7e4d178e32df6252aee5fc31c4d.js","assets\/js\/wysihtml5\/wysihtml5-0.3.0.js":"assets\/js\/wysihtml5\/wysihtml5-0.3.0-1253b7e4d178e32df6252aee5fc31c4d.js","assets\/js\/wysihtml5\/bootstrap-wysihtml5.js":"assets\/js\/wysihtml5\/bootstrap-wysihtml5-1253b7e4d178e32df6252aee5fc31c4d.js","assets\/js\/jquery.dataTables.js":"assets\/js\/jquery.dataTables-1253b7e4d178e32df6252aee5fc31c4d.js","assets\/js\/datatables-bootstrap.js":"assets\/js\/datatables-bootstrap-1253b7e4d178e32df6252aee5fc31c4d.js","assets\/js\/datatables.fnReloadAjax.js":"assets\/js\/datatables.fnReloadAjax-1253b7e4d178e32df6252aee5fc31c4d.js","assets\/js\/jquery.colorbox.js":"assets\/js\/jquery.colorbox-1253b7e4d178e32df6252aee5fc31c4d.js","assets\/js\/prettify.js":"assets\/js\/prettify-1253b7e4d178e32df6252aee5fc31c4d.js","assets\/js\/flexigrid.js":"assets\/js\/flexigrid-59dfcdda591a1e0f46e31c8fc7235f6b.js","assets\/js\/laravel-ujs.js":"assets\/js\/laravel-ujs-e2df096b82a531ff35c67af405f7ff67.js","assets\/js\/tools.js":"assets\/js\/tools-2faaccc76c9ff084f9b6b287f0306de4.js"}}},"admin":{"fingerprints":[],"development":{"stylesheets":{"assets\/css\/bootstrap.min.css":"assets\/css\/bootstrap.min-b27a9988b5780e5605eff7124fe22a2f.css","assets\/css\/less\/master.less":"assets\/css\/less\/master-100cc1309ab27b3d5c4487998d570555.css","assets\/css\/wysihtml5\/prettify.css":"assets\/css\/wysihtml5\/prettify-b27a9988b5780e5605eff7124fe22a2f.css","assets\/css\/wysihtml5\/bootstrap-wysihtml5.css":"assets\/css\/wysihtml5\/bootstrap-wysihtml5-b27a9988b5780e5605eff7124fe22a2f.css","assets\/css\/datatables-bootstrap.css":"assets\/css\/datatables-bootstrap-b27a9988b5780e5605eff7124fe22a2f.css","assets\/css\/colorbox.css":"assets\/css\/colorbox-b27a9988b5780e5605eff7124fe22a2f.css","assets\/css\/flexigrid.pack.css":"assets\/css\/flexigrid.pack-350f1b26d314babe44a089ed7cb8279f.css"},"javascripts":{"assets\/js\/jquery-1.10.2.min.js":"assets\/js\/jquery-1.10.2.min-1253b7e4d178e32df6252aee5fc31c4d.js","assets\/js\/bootstrap\/bootstrap.js":"assets\/js\/bootstrap\/bootstrap-1253b7e4d178e32df6252aee5fc31c4d.js","assets\/js\/wysihtml5\/wysihtml5-0.3.0.js":"assets\/js\/wysihtml5\/wysihtml5-0.3.0-1253b7e4d178e32df6252aee5fc31c4d.js","assets\/js\/wysihtml5\/bootstrap-wysihtml5.js":"assets\/js\/wysihtml5\/bootstrap-wysihtml5-1253b7e4d178e32df6252aee5fc31c4d.js","assets\/js\/jquery.dataTables.js":"assets\/js\/jquery.dataTables-1253b7e4d178e32df6252aee5fc31c4d.js","assets\/js\/datatables-bootstrap.js":"assets\/js\/datatables-bootstrap-1253b7e4d178e32df6252aee5fc31c4d.js","assets\/js\/datatables.fnReloadAjax.js":"assets\/js\/datatables.fnReloadAjax-1253b7e4d178e32df6252aee5fc31c4d.js","assets\/js\/jquery.colorbox.js":"assets\/js\/jquery.colorbox-1253b7e4d178e32df6252aee5fc31c4d.js","assets\/js\/prettify.js":"assets\/js\/prettify-1253b7e4d178e32df6252aee5fc31c4d.js","assets\/js\/flexigrid.js":"assets\/js\/flexigrid-59dfcdda591a1e0f46e31c8fc7235f6b.js"}}}}